year_accepted	percentile	delay	articles
1965	  0.0	  16.00	    85
1965	  2.5	  23.30	    85
1965	  5.0	  32.20	    85
1965	  7.5	  34.00	    85
1965	 10.0	  39.00	    85
1965	 12.5	  40.00	    85
1965	 15.0	  41.60	    85
1965	 17.5	  44.70	    85
1965	 20.0	  50.60	    85
1965	 22.5	  53.90	    85
1965	 25.0	  55.00	    85
1965	 27.5	  59.40	    85
1965	 30.0	  63.00	    85
1965	 32.5	  68.00	    85
1965	 35.0	  69.40	    85
1965	 37.5	  73.00	    85
1965	 40.0	  80.20	    85
1965	 42.5	  84.70	    85
1965	 45.0	  87.80	    85
1965	 47.5	  88.00	    85
1965	 50.0	  91.00	    85
1965	 52.5	  93.10	    85
1965	 55.0	  96.40	    85
1965	 57.5	 101.40	    85
1965	 60.0	 115.00	    85
1965	 62.5	 119.50	    85
1965	 65.0	 124.00	    85
1965	 67.5	 129.00	    85
1965	 70.0	 138.00	    85
1965	 72.5	 141.90	    85
1965	 75.0	 146.00	    85
1965	 77.5	 149.10	    85
1965	 80.0	 159.20	    85
1965	 82.5	 163.80	    85
1965	 85.0	 168.00	    85
1965	 87.5	 174.00	    85
1965	 90.0	 190.00	    85
1965	 92.5	 224.30	    85
1965	 95.0	 310.80	    85
1965	 97.5	 346.50	    85
1965	100.0	 538.00	    85
1966	  0.0	   2.00	   191
1966	  2.5	   6.75	   191
1966	  5.0	  11.50	   191
1966	  7.5	  16.75	   191
1966	 10.0	  20.00	   191
1966	 12.5	  22.00	   191
1966	 15.0	  25.50	   191
1966	 17.5	  28.25	   191
1966	 20.0	  32.00	   191
1966	 22.5	  33.75	   191
1966	 25.0	  35.00	   191
1966	 27.5	  36.00	   191
1966	 30.0	  39.00	   191
1966	 32.5	  42.00	   191
1966	 35.0	  44.50	   191
1966	 37.5	  47.25	   191
1966	 40.0	  49.00	   191
1966	 42.5	  50.00	   191
1966	 45.0	  53.00	   191
1966	 47.5	  56.25	   191
1966	 50.0	  60.00	   191
1966	 52.5	  65.00	   191
1966	 55.0	  70.00	   191
1966	 57.5	  73.00	   191
1966	 60.0	  78.00	   191
1966	 62.5	  84.50	   191
1966	 65.0	  87.00	   191
1966	 67.5	  91.25	   191
1966	 70.0	  96.00	   191
1966	 72.5	  99.00	   191
1966	 75.0	 105.00	   191
1966	 77.5	 114.00	   191
1966	 80.0	 119.00	   191
1966	 82.5	 139.25	   191
1966	 85.0	 160.50	   191
1966	 87.5	 172.00	   191
1966	 90.0	 195.00	   191
1966	 92.5	 203.75	   191
1966	 95.0	 260.00	   191
1966	 97.5	 294.75	   191
1966	100.0	 512.00	   191
1967	  0.0	   7.00	   182
1967	  2.5	  17.52	   182
1967	  5.0	  22.00	   182
1967	  7.5	  22.00	   182
1967	 10.0	  25.20	   182
1967	 12.5	  29.62	   182
1967	 15.0	  30.00	   182
1967	 17.5	  32.00	   182
1967	 20.0	  34.00	   182
1967	 22.5	  36.00	   182
1967	 25.0	  37.25	   182
1967	 27.5	  38.00	   182
1967	 30.0	  40.30	   182
1967	 32.5	  41.83	   182
1967	 35.0	  43.35	   182
1967	 37.5	  45.88	   182
1967	 40.0	  47.00	   182
1967	 42.5	  49.00	   182
1967	 45.0	  52.00	   182
1967	 47.5	  53.98	   182
1967	 50.0	  56.00	   182
1967	 52.5	  57.05	   182
1967	 55.0	  63.55	   182
1967	 57.5	  66.15	   182
1967	 60.0	  70.60	   182
1967	 62.5	  74.00	   182
1967	 65.0	  76.65	   182
1967	 67.5	  81.18	   182
1967	 70.0	  83.70	   182
1967	 72.5	  89.23	   182
1967	 75.0	  92.75	   182
1967	 77.5	  99.28	   182
1967	 80.0	 105.80	   182
1967	 82.5	 117.98	   182
1967	 85.0	 132.00	   182
1967	 87.5	 135.38	   182
1967	 90.0	 169.80	   182
1967	 92.5	 200.28	   182
1967	 95.0	 215.75	   182
1967	 97.5	 233.85	   182
1967	100.0	 488.00	   182
1968	  0.0	   1.00	   225
1968	  2.5	   6.60	   225
1968	  5.0	  12.20	   225
1968	  7.5	  16.00	   225
1968	 10.0	  19.00	   225
1968	 12.5	  20.00	   225
1968	 15.0	  21.00	   225
1968	 17.5	  23.20	   225
1968	 20.0	  25.00	   225
1968	 22.5	  28.40	   225
1968	 25.0	  32.00	   225
1968	 27.5	  35.60	   225
1968	 30.0	  37.20	   225
1968	 32.5	  40.00	   225
1968	 35.0	  43.40	   225
1968	 37.5	  48.00	   225
1968	 40.0	  50.00	   225
1968	 42.5	  53.40	   225
1968	 45.0	  56.80	   225
1968	 47.5	  58.00	   225
1968	 50.0	  61.00	   225
1968	 52.5	  65.60	   225
1968	 55.0	  69.20	   225
1968	 57.5	  71.80	   225
1968	 60.0	  76.00	   225
1968	 62.5	  80.00	   225
1968	 65.0	  84.20	   225
1968	 67.5	  88.20	   225
1968	 70.0	  92.00	   225
1968	 72.5	  96.40	   225
1968	 75.0	  99.00	   225
1968	 77.5	 102.00	   225
1968	 80.0	 105.00	   225
1968	 82.5	 114.20	   225
1968	 85.0	 131.00	   225
1968	 87.5	 141.00	   225
1968	 90.0	 165.20	   225
1968	 92.5	 200.00	   225
1968	 95.0	 264.40	   225
1968	 97.5	 300.60	   225
1968	100.0	 380.00	   225
1969	  0.0	   5.00	   179
1969	  2.5	   7.90	   179
1969	  5.0	  10.00	   179
1969	  7.5	  13.35	   179
1969	 10.0	  15.00	   179
1969	 12.5	  17.25	   179
1969	 15.0	  21.00	   179
1969	 17.5	  25.30	   179
1969	 20.0	  28.00	   179
1969	 22.5	  31.00	   179
1969	 25.0	  33.50	   179
1969	 27.5	  35.00	   179
1969	 30.0	  37.00	   179
1969	 32.5	  39.00	   179
1969	 35.0	  41.30	   179
1969	 37.5	  42.00	   179
1969	 40.0	  43.20	   179
1969	 42.5	  44.65	   179
1969	 45.0	  48.10	   179
1969	 47.5	  50.00	   179
1969	 50.0	  56.00	   179
1969	 52.5	  57.00	   179
1969	 55.0	  62.80	   179
1969	 57.5	  67.00	   179
1969	 60.0	  69.00	   179
1969	 62.5	  73.00	   179
1969	 65.0	  77.00	   179
1969	 67.5	  79.15	   179
1969	 70.0	  83.00	   179
1969	 72.5	  89.10	   179
1969	 75.0	  95.50	   179
1969	 77.5	  99.00	   179
1969	 80.0	 106.60	   179
1969	 82.5	 120.40	   179
1969	 85.0	 134.10	   179
1969	 87.5	 145.50	   179
1969	 90.0	 183.60	   179
1969	 92.5	 205.65	   179
1969	 95.0	 222.50	   179
1969	 97.5	 270.85	   179
1969	100.0	 583.00	   179
1970	  0.0	   4.00	   185
1970	  2.5	   8.00	   185
1970	  5.0	  12.00	   185
1970	  7.5	  16.00	   185
1970	 10.0	  19.40	   185
1970	 12.5	  21.00	   185
1970	 15.0	  24.00	   185
1970	 17.5	  27.00	   185
1970	 20.0	  28.80	   185
1970	 22.5	  32.00	   185
1970	 25.0	  34.00	   185
1970	 27.5	  37.00	   185
1970	 30.0	  42.00	   185
1970	 32.5	  44.00	   185
1970	 35.0	  47.20	   185
1970	 37.5	  51.00	   185
1970	 40.0	  54.60	   185
1970	 42.5	  57.40	   185
1970	 45.0	  60.00	   185
1970	 47.5	  63.40	   185
1970	 50.0	  67.00	   185
1970	 52.5	  70.60	   185
1970	 55.0	  79.00	   185
1970	 57.5	  81.60	   185
1970	 60.0	  84.00	   185
1970	 62.5	  89.00	   185
1970	 65.0	  97.00	   185
1970	 67.5	  99.40	   185
1970	 70.0	 103.00	   185
1970	 72.5	 106.40	   185
1970	 75.0	 114.00	   185
1970	 77.5	 122.00	   185
1970	 80.0	 148.20	   185
1970	 82.5	 161.00	   185
1970	 85.0	 166.40	   185
1970	 87.5	 185.00	   185
1970	 90.0	 223.60	   185
1970	 92.5	 257.00	   185
1970	 95.0	 273.80	   185
1970	 97.5	 336.00	   185
1970	100.0	 599.00	   185
1971	  0.0	  10.00	   179
1971	  2.5	  20.35	   179
1971	  5.0	  29.90	   179
1971	  7.5	  34.00	   179
1971	 10.0	  35.00	   179
1971	 12.5	  38.00	   179
1971	 15.0	  41.70	   179
1971	 17.5	  44.00	   179
1971	 20.0	  50.60	   179
1971	 22.5	  54.00	   179
1971	 25.0	  55.50	   179
1971	 27.5	  58.95	   179
1971	 30.0	  62.40	   179
1971	 32.5	  71.85	   179
1971	 35.0	  75.30	   179
1971	 37.5	  77.00	   179
1971	 40.0	  83.00	   179
1971	 42.5	  84.65	   179
1971	 45.0	  89.10	   179
1971	 47.5	  95.55	   179
1971	 50.0	  99.00	   179
1971	 52.5	  99.45	   179
1971	 55.0	 100.90	   179
1971	 57.5	 106.05	   179
1971	 60.0	 111.60	   179
1971	 62.5	 119.00	   179
1971	 65.0	 122.70	   179
1971	 67.5	 130.15	   179
1971	 70.0	 134.00	   179
1971	 72.5	 139.20	   179
1971	 75.0	 146.50	   179
1971	 77.5	 154.75	   179
1971	 80.0	 158.00	   179
1971	 82.5	 164.85	   179
1971	 85.0	 168.30	   179
1971	 87.5	 177.00	   179
1971	 90.0	 210.60	   179
1971	 92.5	 225.55	   179
1971	 95.0	 275.40	   179
1971	 97.5	 376.65	   179
1971	100.0	 692.00	   179
1972	  0.0	   7.00	   185
1972	  2.5	  10.60	   185
1972	  5.0	  15.00	   185
1972	  7.5	  18.40	   185
1972	 10.0	  22.00	   185
1972	 12.5	  24.00	   185
1972	 15.0	  27.00	   185
1972	 17.5	  29.00	   185
1972	 20.0	  30.80	   185
1972	 22.5	  32.00	   185
1972	 25.0	  33.00	   185
1972	 27.5	  36.60	   185
1972	 30.0	  38.20	   185
1972	 32.5	  42.00	   185
1972	 35.0	  45.00	   185
1972	 37.5	  46.00	   185
1972	 40.0	  47.00	   185
1972	 42.5	  49.20	   185
1972	 45.0	  53.80	   185
1972	 47.5	  57.00	   185
1972	 50.0	  61.00	   185
1972	 52.5	  64.00	   185
1972	 55.0	  69.00	   185
1972	 57.5	  72.80	   185
1972	 60.0	  75.20	   185
1972	 62.5	  79.00	   185
1972	 65.0	  81.20	   185
1972	 67.5	  90.40	   185
1972	 70.0	  99.00	   185
1972	 72.5	 104.00	   185
1972	 75.0	 119.00	   185
1972	 77.5	 141.60	   185
1972	 80.0	 152.00	   185
1972	 82.5	 155.60	   185
1972	 85.0	 182.00	   185
1972	 87.5	 205.00	   185
1972	 90.0	 228.00	   185
1972	 92.5	 244.80	   185
1972	 95.0	 294.20	   185
1972	 97.5	 364.80	   185
1972	100.0	 615.00	   185
1973	  0.0	   1.00	   278
1973	  2.5	   4.00	   278
1973	  5.0	   6.00	   278
1973	  7.5	   7.00	   278
1973	 10.0	   9.00	   278
1973	 12.5	  11.00	   278
1973	 15.0	  14.55	   278
1973	 17.5	  17.48	   278
1973	 20.0	  21.40	   278
1973	 22.5	  24.00	   278
1973	 25.0	  27.00	   278
1973	 27.5	  28.00	   278
1973	 30.0	  31.00	   278
1973	 32.5	  34.00	   278
1973	 35.0	  36.00	   278
1973	 37.5	  39.00	   278
1973	 40.0	  43.00	   278
1973	 42.5	  44.73	   278
1973	 45.0	  48.65	   278
1973	 47.5	  52.00	   278
1973	 50.0	  54.50	   278
1973	 52.5	  57.00	   278
1973	 55.0	  59.00	   278
1973	 57.5	  62.00	   278
1973	 60.0	  64.00	   278
1973	 62.5	  67.12	   278
1973	 65.0	  72.05	   278
1973	 67.5	  76.00	   278
1973	 70.0	  77.00	   278
1973	 72.5	  83.48	   278
1973	 75.0	  88.75	   278
1973	 77.5	  93.68	   278
1973	 80.0	 103.60	   278
1973	 82.5	 113.00	   278
1973	 85.0	 117.45	   278
1973	 87.5	 132.12	   278
1973	 90.0	 152.00	   278
1973	 92.5	 179.68	   278
1973	 95.0	 198.60	   278
1973	 97.5	 234.98	   278
1973	100.0	 633.00	   278
1974	  0.0	   3.00	   339
1974	  2.5	  10.00	   339
1974	  5.0	  11.90	   339
1974	  7.5	  15.00	   339
1974	 10.0	  18.00	   339
1974	 12.5	  22.00	   339
1974	 15.0	  26.70	   339
1974	 17.5	  29.00	   339
1974	 20.0	  31.00	   339
1974	 22.5	  34.00	   339
1974	 25.0	  35.50	   339
1974	 27.5	  38.95	   339
1974	 30.0	  44.00	   339
1974	 32.5	  46.85	   339
1974	 35.0	  49.30	   339
1974	 37.5	  51.75	   339
1974	 40.0	  55.00	   339
1974	 42.5	  57.65	   339
1974	 45.0	  60.00	   339
1974	 47.5	  63.00	   339
1974	 50.0	  67.00	   339
1974	 52.5	  71.00	   339
1974	 55.0	  74.00	   339
1974	 57.5	  77.00	   339
1974	 60.0	  81.80	   339
1974	 62.5	  86.00	   339
1974	 65.0	  91.00	   339
1974	 67.5	  94.00	   339
1974	 70.0	  98.00	   339
1974	 72.5	 105.05	   339
1974	 75.0	 115.00	   339
1974	 77.5	 123.00	   339
1974	 80.0	 129.80	   339
1974	 82.5	 138.70	   339
1974	 85.0	 150.30	   339
1974	 87.5	 166.00	   339
1974	 90.0	 178.20	   339
1974	 92.5	 193.30	   339
1974	 95.0	 227.20	   339
1974	 97.5	 284.85	   339
1974	100.0	 589.00	   339
1975	  0.0	   1.00	   569
1975	  2.5	   2.00	   569
1975	  5.0	   5.00	   569
1975	  7.5	   7.00	   569
1975	 10.0	   8.00	   569
1975	 12.5	  10.00	   569
1975	 15.0	  11.00	   569
1975	 17.5	  13.40	   569
1975	 20.0	  16.00	   569
1975	 22.5	  19.80	   569
1975	 25.0	  22.00	   569
1975	 27.5	  24.00	   569
1975	 30.0	  26.00	   569
1975	 32.5	  28.00	   569
1975	 35.0	  30.00	   569
1975	 37.5	  33.00	   569
1975	 40.0	  36.00	   569
1975	 42.5	  39.00	   569
1975	 45.0	  42.00	   569
1975	 47.5	  44.00	   569
1975	 50.0	  46.00	   569
1975	 52.5	  50.00	   569
1975	 55.0	  54.00	   569
1975	 57.5	  56.60	   569
1975	 60.0	  59.00	   569
1975	 62.5	  63.00	   569
1975	 65.0	  68.20	   569
1975	 67.5	  71.00	   569
1975	 70.0	  78.60	   569
1975	 72.5	  81.00	   569
1975	 75.0	  88.00	   569
1975	 77.5	  94.00	   569
1975	 80.0	 100.00	   569
1975	 82.5	 107.60	   569
1975	 85.0	 112.80	   569
1975	 87.5	 126.00	   569
1975	 90.0	 139.40	   569
1975	 92.5	 160.40	   569
1975	 95.0	 198.00	   569
1975	 97.5	 282.80	   569
1975	100.0	 782.00	   569
1976	  0.0	   1.00	   585
1976	  2.5	   3.00	   585
1976	  5.0	   4.00	   585
1976	  7.5	   5.80	   585
1976	 10.0	   8.00	   585
1976	 12.5	   9.00	   585
1976	 15.0	  11.00	   585
1976	 17.5	  13.00	   585
1976	 20.0	  14.00	   585
1976	 22.5	  15.00	   585
1976	 25.0	  18.00	   585
1976	 27.5	  20.00	   585
1976	 30.0	  21.20	   585
1976	 32.5	  23.00	   585
1976	 35.0	  25.00	   585
1976	 37.5	  27.00	   585
1976	 40.0	  29.00	   585
1976	 42.5	  32.00	   585
1976	 45.0	  35.00	   585
1976	 47.5	  38.00	   585
1976	 50.0	  41.00	   585
1976	 52.5	  44.60	   585
1976	 55.0	  50.00	   585
1976	 57.5	  55.80	   585
1976	 60.0	  61.00	   585
1976	 62.5	  67.00	   585
1976	 65.0	  71.60	   585
1976	 67.5	  76.20	   585
1976	 70.0	  82.00	   585
1976	 72.5	  86.00	   585
1976	 75.0	  91.00	   585
1976	 77.5	  97.00	   585
1976	 80.0	 105.00	   585
1976	 82.5	 111.00	   585
1976	 85.0	 122.40	   585
1976	 87.5	 141.00	   585
1976	 90.0	 155.00	   585
1976	 92.5	 169.40	   585
1976	 95.0	 208.40	   585
1976	 97.5	 258.20	   585
1976	100.0	 534.00	   585
1977	  0.0	   1.00	   667
1977	  2.5	   2.00	   667
1977	  5.0	   4.00	   667
1977	  7.5	   7.00	   667
1977	 10.0	  10.00	   667
1977	 12.5	  13.00	   667
1977	 15.0	  15.00	   667
1977	 17.5	  17.00	   667
1977	 20.0	  19.00	   667
1977	 22.5	  21.00	   667
1977	 25.0	  24.00	   667
1977	 27.5	  27.00	   667
1977	 30.0	  29.00	   667
1977	 32.5	  32.00	   667
1977	 35.0	  35.10	   667
1977	 37.5	  40.75	   667
1977	 40.0	  45.00	   667
1977	 42.5	  47.00	   667
1977	 45.0	  51.00	   667
1977	 47.5	  55.00	   667
1977	 50.0	  58.00	   667
1977	 52.5	  61.00	   667
1977	 55.0	  67.30	   667
1977	 57.5	  73.00	   667
1977	 60.0	  77.00	   667
1977	 62.5	  81.00	   667
1977	 65.0	  85.90	   667
1977	 67.5	  90.00	   667
1977	 70.0	  93.00	   667
1977	 72.5	  96.00	   667
1977	 75.0	 101.50	   667
1977	 77.5	 108.15	   667
1977	 80.0	 115.00	   667
1977	 82.5	 124.00	   667
1977	 85.0	 135.00	   667
1977	 87.5	 149.75	   667
1977	 90.0	 168.00	   667
1977	 92.5	 189.05	   667
1977	 95.0	 222.40	   667
1977	 97.5	 287.55	   667
1977	100.0	 553.00	   667
1978	  0.0	   1.00	   687
1978	  2.5	   4.00	   687
1978	  5.0	   8.00	   687
1978	  7.5	   9.45	   687
1978	 10.0	  13.00	   687
1978	 12.5	  15.00	   687
1978	 15.0	  18.00	   687
1978	 17.5	  21.00	   687
1978	 20.0	  25.20	   687
1978	 22.5	  28.00	   687
1978	 25.0	  30.00	   687
1978	 27.5	  32.00	   687
1978	 30.0	  35.00	   687
1978	 32.5	  37.00	   687
1978	 35.0	  41.00	   687
1978	 37.5	  44.00	   687
1978	 40.0	  46.40	   687
1978	 42.5	  50.00	   687
1978	 45.0	  53.00	   687
1978	 47.5	  56.00	   687
1978	 50.0	  58.00	   687
1978	 52.5	  62.00	   687
1978	 55.0	  65.30	   687
1978	 57.5	  69.45	   687
1978	 60.0	  73.00	   687
1978	 62.5	  79.00	   687
1978	 65.0	  83.00	   687
1978	 67.5	  86.05	   687
1978	 70.0	  94.00	   687
1978	 72.5	 101.35	   687
1978	 75.0	 108.00	   687
1978	 77.5	 116.65	   687
1978	 80.0	 125.80	   687
1978	 82.5	 134.00	   687
1978	 85.0	 143.00	   687
1978	 87.5	 155.00	   687
1978	 90.0	 169.00	   687
1978	 92.5	 183.00	   687
1978	 95.0	 208.40	   687
1978	 97.5	 307.80	   687
1978	100.0	 626.00	   687
1979	  0.0	   1.00	   571
1979	  2.5	   8.00	   571
1979	  5.0	  18.00	   571
1979	  7.5	  22.75	   571
1979	 10.0	  27.00	   571
1979	 12.5	  31.25	   571
1979	 15.0	  35.50	   571
1979	 17.5	  39.00	   571
1979	 20.0	  42.00	   571
1979	 22.5	  44.00	   571
1979	 25.0	  48.00	   571
1979	 27.5	  50.75	   571
1979	 30.0	  53.00	   571
1979	 32.5	  56.00	   571
1979	 35.0	  60.00	   571
1979	 37.5	  61.00	   571
1979	 40.0	  64.00	   571
1979	 42.5	  68.00	   571
1979	 45.0	  71.00	   571
1979	 47.5	  74.75	   571
1979	 50.0	  76.00	   571
1979	 52.5	  80.25	   571
1979	 55.0	  84.00	   571
1979	 57.5	  88.00	   571
1979	 60.0	  91.00	   571
1979	 62.5	  94.00	   571
1979	 65.0	  98.00	   571
1979	 67.5	 101.75	   571
1979	 70.0	 108.00	   571
1979	 72.5	 117.00	   571
1979	 75.0	 123.50	   571
1979	 77.5	 129.00	   571
1979	 80.0	 140.00	   571
1979	 82.5	 150.00	   571
1979	 85.0	 156.50	   571
1979	 87.5	 166.50	   571
1979	 90.0	 180.00	   571
1979	 92.5	 200.50	   571
1979	 95.0	 231.50	   571
1979	 97.5	 315.50	   571
1979	100.0	 976.00	   571
1980	  0.0	   3.00	   510
1980	  2.5	  12.00	   510
1980	  5.0	  21.00	   510
1980	  7.5	  28.00	   510
1980	 10.0	  32.00	   510
1980	 12.5	  34.62	   510
1980	 15.0	  40.35	   510
1980	 17.5	  43.00	   510
1980	 20.0	  46.00	   510
1980	 22.5	  49.00	   510
1980	 25.0	  52.00	   510
1980	 27.5	  54.00	   510
1980	 30.0	  56.00	   510
1980	 32.5	  59.00	   510
1980	 35.0	  62.00	   510
1980	 37.5	  64.00	   510
1980	 40.0	  66.00	   510
1980	 42.5	  69.00	   510
1980	 45.0	  72.00	   510
1980	 47.5	  74.78	   510
1980	 50.0	  77.00	   510
1980	 52.5	  79.00	   510
1980	 55.0	  84.00	   510
1980	 57.5	  86.68	   510
1980	 60.0	  91.00	   510
1980	 62.5	  95.00	   510
1980	 65.0	 100.00	   510
1980	 67.5	 103.58	   510
1980	 70.0	 108.30	   510
1980	 72.5	 113.00	   510
1980	 75.0	 121.00	   510
1980	 77.5	 126.48	   510
1980	 80.0	 137.80	   510
1980	 82.5	 152.78	   510
1980	 85.0	 165.90	   510
1980	 87.5	 182.75	   510
1980	 90.0	 217.10	   510
1980	 92.5	 269.30	   510
1980	 95.0	 331.10	   510
1980	 97.5	 405.88	   510
1980	100.0	 800.00	   510
1981	  0.0	   3.00	   720
1981	  2.5	  20.00	   720
1981	  5.0	  24.00	   720
1981	  7.5	  27.93	   720
1981	 10.0	  31.00	   720
1981	 12.5	  35.00	   720
1981	 15.0	  40.85	   720
1981	 17.5	  47.48	   720
1981	 20.0	  51.80	   720
1981	 22.5	  55.00	   720
1981	 25.0	  59.75	   720
1981	 27.5	  63.00	   720
1981	 30.0	  67.00	   720
1981	 32.5	  70.00	   720
1981	 35.0	  73.00	   720
1981	 37.5	  78.00	   720
1981	 40.0	  81.00	   720
1981	 42.5	  84.00	   720
1981	 45.0	  87.00	   720
1981	 47.5	  91.00	   720
1981	 50.0	  94.50	   720
1981	 52.5	  99.00	   720
1981	 55.0	 103.00	   720
1981	 57.5	 106.00	   720
1981	 60.0	 112.00	   720
1981	 62.5	 119.00	   720
1981	 65.0	 127.00	   720
1981	 67.5	 133.00	   720
1981	 70.0	 140.00	   720
1981	 72.5	 149.28	   720
1981	 75.0	 158.25	   720
1981	 77.5	 166.23	   720
1981	 80.0	 173.20	   720
1981	 82.5	 187.18	   720
1981	 85.0	 204.00	   720
1981	 87.5	 216.12	   720
1981	 90.0	 237.50	   720
1981	 92.5	 281.00	   720
1981	 95.0	 328.15	   720
1981	 97.5	 382.03	   720
1981	100.0	 830.00	   720
1982	  0.0	   1.00	   865
1982	  2.5	  14.60	   865
1982	  5.0	  21.20	   865
1982	  7.5	  26.80	   865
1982	 10.0	  31.40	   865
1982	 12.5	  36.00	   865
1982	 15.0	  41.00	   865
1982	 17.5	  45.00	   865
1982	 20.0	  49.00	   865
1982	 22.5	  54.00	   865
1982	 25.0	  57.00	   865
1982	 27.5	  61.00	   865
1982	 30.0	  63.00	   865
1982	 32.5	  66.00	   865
1982	 35.0	  70.00	   865
1982	 37.5	  72.00	   865
1982	 40.0	  76.00	   865
1982	 42.5	  79.00	   865
1982	 45.0	  82.00	   865
1982	 47.5	  85.40	   865
1982	 50.0	  88.00	   865
1982	 52.5	  92.00	   865
1982	 55.0	  95.20	   865
1982	 57.5	  99.00	   865
1982	 60.0	 105.00	   865
1982	 62.5	 109.00	   865
1982	 65.0	 115.00	   865
1982	 67.5	 121.00	   865
1982	 70.0	 129.80	   865
1982	 72.5	 138.40	   865
1982	 75.0	 148.00	   865
1982	 77.5	 155.60	   865
1982	 80.0	 164.60	   865
1982	 82.5	 185.60	   865
1982	 85.0	 209.40	   865
1982	 87.5	 228.00	   865
1982	 90.0	 251.20	   865
1982	 92.5	 272.40	   865
1982	 95.0	 333.20	   865
1982	 97.5	 436.40	   865
1982	100.0	1064.00	   865
1983	  0.0	   3.00	   908
1983	  2.5	  18.68	   908
1983	  5.0	  28.00	   908
1983	  7.5	  33.00	   908
1983	 10.0	  36.00	   908
1983	 12.5	  41.00	   908
1983	 15.0	  46.00	   908
1983	 17.5	  51.00	   908
1983	 20.0	  54.00	   908
1983	 22.5	  57.00	   908
1983	 25.0	  61.00	   908
1983	 27.5	  64.43	   908
1983	 30.0	  67.00	   908
1983	 32.5	  70.00	   908
1983	 35.0	  73.00	   908
1983	 37.5	  77.00	   908
1983	 40.0	  81.00	   908
1983	 42.5	  85.00	   908
1983	 45.0	  88.00	   908
1983	 47.5	  91.00	   908
1983	 50.0	  93.00	   908
1983	 52.5	  97.00	   908
1983	 55.0	 101.00	   908
1983	 57.5	 105.00	   908
1983	 60.0	 110.20	   908
1983	 62.5	 114.00	   908
1983	 65.0	 119.00	   908
1983	 67.5	 122.23	   908
1983	 70.0	 127.00	   908
1983	 72.5	 133.00	   908
1983	 75.0	 140.25	   908
1983	 77.5	 148.00	   908
1983	 80.0	 158.00	   908
1983	 82.5	 168.00	   908
1983	 85.0	 180.00	   908
1983	 87.5	 192.62	   908
1983	 90.0	 210.00	   908
1983	 92.5	 235.00	   908
1983	 95.0	 283.60	   908
1983	 97.5	 370.95	   908
1983	100.0	 981.00	   908
1984	  0.0	   1.00	  1479
1984	  2.5	  12.00	  1479
1984	  5.0	  18.00	  1479
1984	  7.5	  21.00	  1479
1984	 10.0	  25.00	  1479
1984	 12.5	  29.75	  1479
1984	 15.0	  35.00	  1479
1984	 17.5	  39.65	  1479
1984	 20.0	  45.00	  1479
1984	 22.5	  50.00	  1479
1984	 25.0	  56.00	  1479
1984	 27.5	  60.00	  1479
1984	 30.0	  63.00	  1479
1984	 32.5	  66.00	  1479
1984	 35.0	  69.00	  1479
1984	 37.5	  72.00	  1479
1984	 40.0	  74.20	  1479
1984	 42.5	  78.00	  1479
1984	 45.0	  83.00	  1479
1984	 47.5	  86.00	  1479
1984	 50.0	  89.00	  1479
1984	 52.5	  93.00	  1479
1984	 55.0	  99.00	  1479
1984	 57.5	 104.85	  1479
1984	 60.0	 110.00	  1479
1984	 62.5	 115.00	  1479
1984	 65.0	 120.70	  1479
1984	 67.5	 125.00	  1479
1984	 70.0	 131.00	  1479
1984	 72.5	 136.55	  1479
1984	 75.0	 145.00	  1479
1984	 77.5	 153.00	  1479
1984	 80.0	 160.00	  1479
1984	 82.5	 170.35	  1479
1984	 85.0	 186.00	  1479
1984	 87.5	 206.00	  1479
1984	 90.0	 236.00	  1479
1984	 92.5	 270.45	  1479
1984	 95.0	 325.00	  1479
1984	 97.5	 418.05	  1479
1984	100.0	 969.00	  1479
1985	  0.0	   1.00	  1366
1985	  2.5	  17.12	  1366
1985	  5.0	  26.00	  1366
1985	  7.5	  30.38	  1366
1985	 10.0	  36.00	  1366
1985	 12.5	  41.62	  1366
1985	 15.0	  48.00	  1366
1985	 17.5	  52.00	  1366
1985	 20.0	  56.00	  1366
1985	 22.5	  60.00	  1366
1985	 25.0	  64.00	  1366
1985	 27.5	  69.00	  1366
1985	 30.0	  72.00	  1366
1985	 32.5	  75.00	  1366
1985	 35.0	  78.00	  1366
1985	 37.5	  81.00	  1366
1985	 40.0	  85.00	  1366
1985	 42.5	  89.00	  1366
1985	 45.0	  93.00	  1366
1985	 47.5	  97.00	  1366
1985	 50.0	 101.00	  1366
1985	 52.5	 104.00	  1366
1985	 55.0	 109.00	  1366
1985	 57.5	 113.00	  1366
1985	 60.0	 117.00	  1366
1985	 62.5	 120.00	  1366
1985	 65.0	 125.25	  1366
1985	 67.5	 131.00	  1366
1985	 70.0	 137.00	  1366
1985	 72.5	 145.00	  1366
1985	 75.0	 152.75	  1366
1985	 77.5	 162.00	  1366
1985	 80.0	 171.00	  1366
1985	 82.5	 182.00	  1366
1985	 85.0	 194.25	  1366
1985	 87.5	 214.00	  1366
1985	 90.0	 236.00	  1366
1985	 92.5	 260.62	  1366
1985	 95.0	 331.00	  1366
1985	 97.5	 456.13	  1366
1985	100.0	 988.00	  1366
1986	  0.0	   1.00	  1556
1986	  2.5	  17.00	  1556
1986	  5.0	  27.75	  1556
1986	  7.5	  33.00	  1556
1986	 10.0	  38.00	  1556
1986	 12.5	  43.00	  1556
1986	 15.0	  49.00	  1556
1986	 17.5	  52.00	  1556
1986	 20.0	  57.00	  1556
1986	 22.5	  62.00	  1556
1986	 25.0	  65.00	  1556
1986	 27.5	  69.00	  1556
1986	 30.0	  73.00	  1556
1986	 32.5	  77.00	  1556
1986	 35.0	  80.00	  1556
1986	 37.5	  84.00	  1556
1986	 40.0	  88.00	  1556
1986	 42.5	  92.00	  1556
1986	 45.0	  95.75	  1556
1986	 47.5	 100.00	  1556
1986	 50.0	 103.50	  1556
1986	 52.5	 109.00	  1556
1986	 55.0	 114.00	  1556
1986	 57.5	 119.00	  1556
1986	 60.0	 125.00	  1556
1986	 62.5	 132.88	  1556
1986	 65.0	 140.00	  1556
1986	 67.5	 149.00	  1556
1986	 70.0	 157.00	  1556
1986	 72.5	 167.38	  1556
1986	 75.0	 181.00	  1556
1986	 77.5	 195.00	  1556
1986	 80.0	 210.00	  1556
1986	 82.5	 226.00	  1556
1986	 85.0	 243.00	  1556
1986	 87.5	 261.00	  1556
1986	 90.0	 282.00	  1556
1986	 92.5	 304.38	  1556
1986	 95.0	 362.50	  1556
1986	 97.5	 452.25	  1556
1986	100.0	 998.00	  1556
1987	  0.0	   2.00	  1589
1987	  2.5	  17.00	  1589
1987	  5.0	  28.00	  1589
1987	  7.5	  33.00	  1589
1987	 10.0	  39.00	  1589
1987	 12.5	  45.50	  1589
1987	 15.0	  49.20	  1589
1987	 17.5	  55.00	  1589
1987	 20.0	  59.60	  1589
1987	 22.5	  63.30	  1589
1987	 25.0	  69.00	  1589
1987	 27.5	  72.00	  1589
1987	 30.0	  77.00	  1589
1987	 32.5	  81.00	  1589
1987	 35.0	  85.00	  1589
1987	 37.5	  89.00	  1589
1987	 40.0	  92.00	  1589
1987	 42.5	  96.00	  1589
1987	 45.0	 100.00	  1589
1987	 47.5	 103.00	  1589
1987	 50.0	 107.00	  1589
1987	 52.5	 112.00	  1589
1987	 55.0	 119.00	  1589
1987	 57.5	 125.00	  1589
1987	 60.0	 132.00	  1589
1987	 62.5	 138.00	  1589
1987	 65.0	 144.00	  1589
1987	 67.5	 153.00	  1589
1987	 70.0	 163.00	  1589
1987	 72.5	 174.00	  1589
1987	 75.0	 192.00	  1589
1987	 77.5	 204.00	  1589
1987	 80.0	 217.00	  1589
1987	 82.5	 231.10	  1589
1987	 85.0	 244.80	  1589
1987	 87.5	 270.50	  1589
1987	 90.0	 304.20	  1589
1987	 92.5	 348.90	  1589
1987	 95.0	 393.60	  1589
1987	 97.5	 498.60	  1589
1987	100.0	1089.00	  1589
1988	  0.0	   1.00	  1831
1988	  2.5	  10.00	  1831
1988	  5.0	  19.00	  1831
1988	  7.5	  25.00	  1831
1988	 10.0	  37.00	  1831
1988	 12.5	  44.00	  1831
1988	 15.0	  49.00	  1831
1988	 17.5	  55.00	  1831
1988	 20.0	  60.00	  1831
1988	 22.5	  64.00	  1831
1988	 25.0	  69.00	  1831
1988	 27.5	  73.00	  1831
1988	 30.0	  77.00	  1831
1988	 32.5	  80.00	  1831
1988	 35.0	  85.00	  1831
1988	 37.5	  89.00	  1831
1988	 40.0	  94.00	  1831
1988	 42.5	  98.00	  1831
1988	 45.0	 102.00	  1831
1988	 47.5	 108.00	  1831
1988	 50.0	 112.00	  1831
1988	 52.5	 116.00	  1831
1988	 55.0	 121.00	  1831
1988	 57.5	 127.00	  1831
1988	 60.0	 133.00	  1831
1988	 62.5	 140.75	  1831
1988	 65.0	 147.00	  1831
1988	 67.5	 155.00	  1831
1988	 70.0	 168.00	  1831
1988	 72.5	 179.75	  1831
1988	 75.0	 194.00	  1831
1988	 77.5	 210.00	  1831
1988	 80.0	 223.00	  1831
1988	 82.5	 238.00	  1831
1988	 85.0	 258.00	  1831
1988	 87.5	 274.25	  1831
1988	 90.0	 298.00	  1831
1988	 92.5	 336.75	  1831
1988	 95.0	 400.00	  1831
1988	 97.5	 540.00	  1831
1988	100.0	1079.00	  1831
1989	  0.0	   1.00	  1831
1989	  2.5	  15.00	  1831
1989	  5.0	  27.00	  1831
1989	  7.5	  35.00	  1831
1989	 10.0	  42.00	  1831
1989	 12.5	  45.75	  1831
1989	 15.0	  51.00	  1831
1989	 17.5	  56.00	  1831
1989	 20.0	  60.00	  1831
1989	 22.5	  64.75	  1831
1989	 25.0	  69.00	  1831
1989	 27.5	  75.00	  1831
1989	 30.0	  79.00	  1831
1989	 32.5	  83.00	  1831
1989	 35.0	  89.00	  1831
1989	 37.5	  92.00	  1831
1989	 40.0	  97.00	  1831
1989	 42.5	 101.00	  1831
1989	 45.0	 105.00	  1831
1989	 47.5	 111.00	  1831
1989	 50.0	 116.00	  1831
1989	 52.5	 120.00	  1831
1989	 55.0	 126.00	  1831
1989	 57.5	 133.00	  1831
1989	 60.0	 139.00	  1831
1989	 62.5	 145.00	  1831
1989	 65.0	 151.50	  1831
1989	 67.5	 160.00	  1831
1989	 70.0	 165.00	  1831
1989	 72.5	 173.75	  1831
1989	 75.0	 184.00	  1831
1989	 77.5	 195.00	  1831
1989	 80.0	 209.00	  1831
1989	 82.5	 231.00	  1831
1989	 85.0	 252.00	  1831
1989	 87.5	 274.75	  1831
1989	 90.0	 311.00	  1831
1989	 92.5	 354.75	  1831
1989	 95.0	 423.50	  1831
1989	 97.5	 584.25	  1831
1989	100.0	1049.00	  1831
1990	  0.0	   1.00	  2043
1990	  2.5	  13.00	  2043
1990	  5.0	  19.10	  2043
1990	  7.5	  28.00	  2043
1990	 10.0	  35.00	  2043
1990	 12.5	  39.00	  2043
1990	 15.0	  45.00	  2043
1990	 17.5	  50.00	  2043
1990	 20.0	  54.40	  2043
1990	 22.5	  59.00	  2043
1990	 25.0	  65.00	  2043
1990	 27.5	  69.00	  2043
1990	 30.0	  72.00	  2043
1990	 32.5	  75.00	  2043
1990	 35.0	  78.00	  2043
1990	 37.5	  83.00	  2043
1990	 40.0	  88.00	  2043
1990	 42.5	  91.00	  2043
1990	 45.0	  96.00	  2043
1990	 47.5	 101.00	  2043
1990	 50.0	 105.00	  2043
1990	 52.5	 110.00	  2043
1990	 55.0	 115.00	  2043
1990	 57.5	 120.00	  2043
1990	 60.0	 126.00	  2043
1990	 62.5	 133.00	  2043
1990	 65.0	 140.00	  2043
1990	 67.5	 150.00	  2043
1990	 70.0	 157.00	  2043
1990	 72.5	 168.00	  2043
1990	 75.0	 175.00	  2043
1990	 77.5	 187.55	  2043
1990	 80.0	 203.00	  2043
1990	 82.5	 215.00	  2043
1990	 85.0	 236.00	  2043
1990	 87.5	 261.00	  2043
1990	 90.0	 291.80	  2043
1990	 92.5	 330.85	  2043
1990	 95.0	 386.90	  2043
1990	 97.5	 502.90	  2043
1990	100.0	 989.00	  2043
1991	  0.0	   1.00	  1927
1991	  2.5	  10.00	  1927
1991	  5.0	  16.00	  1927
1991	  7.5	  24.00	  1927
1991	 10.0	  33.60	  1927
1991	 12.5	  41.00	  1927
1991	 15.0	  46.00	  1927
1991	 17.5	  53.00	  1927
1991	 20.0	  58.00	  1927
1991	 22.5	  64.00	  1927
1991	 25.0	  67.50	  1927
1991	 27.5	  72.65	  1927
1991	 30.0	  77.00	  1927
1991	 32.5	  81.00	  1927
1991	 35.0	  86.00	  1927
1991	 37.5	  90.00	  1927
1991	 40.0	  93.00	  1927
1991	 42.5	  98.00	  1927
1991	 45.0	 101.00	  1927
1991	 47.5	 105.00	  1927
1991	 50.0	 109.00	  1927
1991	 52.5	 113.00	  1927
1991	 55.0	 119.00	  1927
1991	 57.5	 124.00	  1927
1991	 60.0	 129.00	  1927
1991	 62.5	 135.00	  1927
1991	 65.0	 141.00	  1927
1991	 67.5	 150.00	  1927
1991	 70.0	 157.00	  1927
1991	 72.5	 165.35	  1927
1991	 75.0	 174.00	  1927
1991	 77.5	 184.00	  1927
1991	 80.0	 196.80	  1927
1991	 82.5	 213.90	  1927
1991	 85.0	 232.00	  1927
1991	 87.5	 255.00	  1927
1991	 90.0	 284.40	  1927
1991	 92.5	 337.55	  1927
1991	 95.0	 405.50	  1927
1991	 97.5	 571.85	  1927
1991	100.0	1053.00	  1927
1992	  0.0	   1.00	  1964
1992	  2.5	   9.00	  1964
1992	  5.0	  16.00	  1964
1992	  7.5	  21.00	  1964
1992	 10.0	  29.30	  1964
1992	 12.5	  38.00	  1964
1992	 15.0	  44.00	  1964
1992	 17.5	  50.00	  1964
1992	 20.0	  55.60	  1964
1992	 22.5	  61.00	  1964
1992	 25.0	  66.00	  1964
1992	 27.5	  70.00	  1964
1992	 30.0	  76.00	  1964
1992	 32.5	  78.00	  1964
1992	 35.0	  82.00	  1964
1992	 37.5	  87.00	  1964
1992	 40.0	  92.00	  1964
1992	 42.5	  96.00	  1964
1992	 45.0	 101.00	  1964
1992	 47.5	 105.00	  1964
1992	 50.0	 109.50	  1964
1992	 52.5	 114.00	  1964
1992	 55.0	 119.00	  1964
1992	 57.5	 124.00	  1964
1992	 60.0	 129.00	  1964
1992	 62.5	 135.00	  1964
1992	 65.0	 141.00	  1964
1992	 67.5	 147.00	  1964
1992	 70.0	 155.00	  1964
1992	 72.5	 163.00	  1964
1992	 75.0	 172.00	  1964
1992	 77.5	 181.33	  1964
1992	 80.0	 192.00	  1964
1992	 82.5	 203.48	  1964
1992	 85.0	 219.00	  1964
1992	 87.5	 233.00	  1964
1992	 90.0	 256.00	  1964
1992	 92.5	 293.78	  1964
1992	 95.0	 343.70	  1964
1992	 97.5	 463.78	  1964
1992	100.0	 965.00	  1964
1993	  0.0	   1.00	  2230
1993	  2.5	  10.00	  2230
1993	  5.0	  17.00	  2230
1993	  7.5	  25.00	  2230
1993	 10.0	  32.00	  2230
1993	 12.5	  37.00	  2230
1993	 15.0	  43.00	  2230
1993	 17.5	  49.00	  2230
1993	 20.0	  54.00	  2230
1993	 22.5	  60.00	  2230
1993	 25.0	  63.00	  2230
1993	 27.5	  69.00	  2230
1993	 30.0	  75.00	  2230
1993	 32.5	  79.00	  2230
1993	 35.0	  83.00	  2230
1993	 37.5	  88.00	  2230
1993	 40.0	  91.00	  2230
1993	 42.5	  96.00	  2230
1993	 45.0	  99.00	  2230
1993	 47.5	 105.00	  2230
1993	 50.0	 109.00	  2230
1993	 52.5	 112.23	  2230
1993	 55.0	 117.00	  2230
1993	 57.5	 122.00	  2230
1993	 60.0	 128.00	  2230
1993	 62.5	 134.00	  2230
1993	 65.0	 141.00	  2230
1993	 67.5	 147.00	  2230
1993	 70.0	 155.00	  2230
1993	 72.5	 164.03	  2230
1993	 75.0	 175.00	  2230
1993	 77.5	 184.00	  2230
1993	 80.0	 198.00	  2230
1993	 82.5	 216.00	  2230
1993	 85.0	 226.00	  2230
1993	 87.5	 245.00	  2230
1993	 90.0	 266.00	  2230
1993	 92.5	 304.00	  2230
1993	 95.0	 350.55	  2230
1993	 97.5	 444.28	  2230
1993	100.0	 913.00	  2230
1994	  0.0	   1.00	  2578
1994	  2.5	   7.00	  2578
1994	  5.0	  14.00	  2578
1994	  7.5	  21.28	  2578
1994	 10.0	  30.00	  2578
1994	 12.5	  36.00	  2578
1994	 15.0	  42.00	  2578
1994	 17.5	  48.98	  2578
1994	 20.0	  55.00	  2578
1994	 22.5	  60.00	  2578
1994	 25.0	  64.00	  2578
1994	 27.5	  70.00	  2578
1994	 30.0	  73.00	  2578
1994	 32.5	  77.52	  2578
1994	 35.0	  82.00	  2578
1994	 37.5	  85.00	  2578
1994	 40.0	  91.00	  2578
1994	 42.5	  95.00	  2578
1994	 45.0	  99.00	  2578
1994	 47.5	 105.00	  2578
1994	 50.0	 110.00	  2578
1994	 52.5	 114.00	  2578
1994	 55.0	 119.00	  2578
1994	 57.5	 125.00	  2578
1994	 60.0	 131.00	  2578
1994	 62.5	 137.00	  2578
1994	 65.0	 143.00	  2578
1994	 67.5	 150.00	  2578
1994	 70.0	 159.00	  2578
1994	 72.5	 167.00	  2578
1994	 75.0	 177.00	  2578
1994	 77.5	 187.17	  2578
1994	 80.0	 200.60	  2578
1994	 82.5	 213.00	  2578
1994	 85.0	 228.45	  2578
1994	 87.5	 246.00	  2578
1994	 90.0	 264.00	  2578
1994	 92.5	 289.00	  2578
1994	 95.0	 333.00	  2578
1994	 97.5	 405.58	  2578
1994	100.0	 921.00	  2578
1995	  0.0	   1.00	  3150
1995	  2.5	   6.00	  3150
1995	  5.0	  11.00	  3150
1995	  7.5	  19.00	  3150
1995	 10.0	  24.00	  3150
1995	 12.5	  30.00	  3150
1995	 15.0	  37.00	  3150
1995	 17.5	  43.00	  3150
1995	 20.0	  47.00	  3150
1995	 22.5	  51.00	  3150
1995	 25.0	  56.00	  3150
1995	 27.5	  59.00	  3150
1995	 30.0	  63.00	  3150
1995	 32.5	  69.00	  3150
1995	 35.0	  73.00	  3150
1995	 37.5	  76.00	  3150
1995	 40.0	  81.00	  3150
1995	 42.5	  86.00	  3150
1995	 45.0	  91.00	  3150
1995	 47.5	  96.00	  3150
1995	 50.0	 100.00	  3150
1995	 52.5	 105.00	  3150
1995	 55.0	 111.00	  3150
1995	 57.5	 115.00	  3150
1995	 60.0	 121.00	  3150
1995	 62.5	 126.00	  3150
1995	 65.0	 133.00	  3150
1995	 67.5	 140.00	  3150
1995	 70.0	 147.30	  3150
1995	 72.5	 155.03	  3150
1995	 75.0	 163.00	  3150
1995	 77.5	 172.00	  3150
1995	 80.0	 183.00	  3150
1995	 82.5	 193.00	  3150
1995	 85.0	 211.00	  3150
1995	 87.5	 230.38	  3150
1995	 90.0	 257.10	  3150
1995	 92.5	 294.00	  3150
1995	 95.0	 334.00	  3150
1995	 97.5	 427.55	  3150
1995	100.0	1073.00	  3150
1996	  0.0	   1.00	  2541
1996	  2.5	   5.00	  2541
1996	  5.0	  13.00	  2541
1996	  7.5	  21.00	  2541
1996	 10.0	  28.00	  2541
1996	 12.5	  36.00	  2541
1996	 15.0	  44.00	  2541
1996	 17.5	  49.00	  2541
1996	 20.0	  55.00	  2541
1996	 22.5	  61.00	  2541
1996	 25.0	  66.00	  2541
1996	 27.5	  71.50	  2541
1996	 30.0	  78.00	  2541
1996	 32.5	  82.00	  2541
1996	 35.0	  85.00	  2541
1996	 37.5	  90.00	  2541
1996	 40.0	  94.00	  2541
1996	 42.5	 100.00	  2541
1996	 45.0	 104.00	  2541
1996	 47.5	 108.00	  2541
1996	 50.0	 112.00	  2541
1996	 52.5	 118.00	  2541
1996	 55.0	 125.00	  2541
1996	 57.5	 130.00	  2541
1996	 60.0	 138.00	  2541
1996	 62.5	 144.00	  2541
1996	 65.0	 149.00	  2541
1996	 67.5	 155.50	  2541
1996	 70.0	 163.00	  2541
1996	 72.5	 172.00	  2541
1996	 75.0	 181.00	  2541
1996	 77.5	 190.00	  2541
1996	 80.0	 202.00	  2541
1996	 82.5	 215.00	  2541
1996	 85.0	 226.00	  2541
1996	 87.5	 242.00	  2541
1996	 90.0	 262.00	  2541
1996	 92.5	 296.50	  2541
1996	 95.0	 345.00	  2541
1996	 97.5	 437.50	  2541
1996	100.0	 995.00	  2541
1997	  0.0	   1.00	  2080
1997	  2.5	   3.00	  2080
1997	  5.0	   7.00	  2080
1997	  7.5	  20.00	  2080
1997	 10.0	  33.00	  2080
1997	 12.5	  46.88	  2080
1997	 15.0	  55.85	  2080
1997	 17.5	  63.00	  2080
1997	 20.0	  70.00	  2080
1997	 22.5	  74.00	  2080
1997	 25.0	  78.00	  2080
1997	 27.5	  84.00	  2080
1997	 30.0	  88.00	  2080
1997	 32.5	  92.00	  2080
1997	 35.0	  96.00	  2080
1997	 37.5	  99.00	  2080
1997	 40.0	 102.60	  2080
1997	 42.5	 107.00	  2080
1997	 45.0	 111.00	  2080
1997	 47.5	 115.00	  2080
1997	 50.0	 118.00	  2080
1997	 52.5	 121.00	  2080
1997	 55.0	 125.00	  2080
1997	 57.5	 129.00	  2080
1997	 60.0	 134.00	  2080
1997	 62.5	 139.38	  2080
1997	 65.0	 142.35	  2080
1997	 67.5	 151.00	  2080
1997	 70.0	 159.00	  2080
1997	 72.5	 167.28	  2080
1997	 75.0	 175.00	  2080
1997	 77.5	 186.00	  2080
1997	 80.0	 200.00	  2080
1997	 82.5	 212.00	  2080
1997	 85.0	 226.00	  2080
1997	 87.5	 242.12	  2080
1997	 90.0	 268.10	  2080
1997	 92.5	 301.08	  2080
1997	 95.0	 347.00	  2080
1997	 97.5	 427.00	  2080
1997	100.0	1064.00	  2080
1998	  0.0	   2.00	  2168
1998	  2.5	   5.00	  2168
1998	  5.0	   7.00	  2168
1998	  7.5	  14.00	  2168
1998	 10.0	  23.00	  2168
1998	 12.5	  30.00	  2168
1998	 15.0	  39.05	  2168
1998	 17.5	  46.00	  2168
1998	 20.0	  54.00	  2168
1998	 22.5	  60.00	  2168
1998	 25.0	  66.00	  2168
1998	 27.5	  71.00	  2168
1998	 30.0	  77.00	  2168
1998	 32.5	  82.00	  2168
1998	 35.0	  86.45	  2168
1998	 37.5	  91.00	  2168
1998	 40.0	  96.00	  2168
1998	 42.5	 101.00	  2168
1998	 45.0	 106.00	  2168
1998	 47.5	 111.00	  2168
1998	 50.0	 114.00	  2168
1998	 52.5	 118.67	  2168
1998	 55.0	 121.00	  2168
1998	 57.5	 125.00	  2168
1998	 60.0	 128.00	  2168
1998	 62.5	 131.00	  2168
1998	 65.0	 136.00	  2168
1998	 67.5	 143.00	  2168
1998	 70.0	 148.00	  2168
1998	 72.5	 155.00	  2168
1998	 75.0	 162.00	  2168
1998	 77.5	 169.00	  2168
1998	 80.0	 176.00	  2168
1998	 82.5	 186.00	  2168
1998	 85.0	 198.00	  2168
1998	 87.5	 216.12	  2168
1998	 90.0	 238.30	  2168
1998	 92.5	 266.48	  2168
1998	 95.0	 328.65	  2168
1998	 97.5	 427.65	  2168
1998	100.0	1027.00	  2168
1999	  0.0	   1.00	  2923
1999	  2.5	   6.00	  2923
1999	  5.0	  10.00	  2923
1999	  7.5	  14.00	  2923
1999	 10.0	  21.00	  2923
1999	 12.5	  28.00	  2923
1999	 15.0	  34.00	  2923
1999	 17.5	  42.00	  2923
1999	 20.0	  47.40	  2923
1999	 22.5	  52.00	  2923
1999	 25.0	  56.00	  2923
1999	 27.5	  62.00	  2923
1999	 30.0	  66.00	  2923
1999	 32.5	  70.00	  2923
1999	 35.0	  74.00	  2923
1999	 37.5	  79.00	  2923
1999	 40.0	  84.00	  2923
1999	 42.5	  88.85	  2923
1999	 45.0	  93.00	  2923
1999	 47.5	  98.00	  2923
1999	 50.0	 103.00	  2923
1999	 52.5	 108.00	  2923
1999	 55.0	 114.10	  2923
1999	 57.5	 120.00	  2923
1999	 60.0	 126.00	  2923
1999	 62.5	 131.00	  2923
1999	 65.0	 136.00	  2923
1999	 67.5	 142.00	  2923
1999	 70.0	 147.40	  2923
1999	 72.5	 154.00	  2923
1999	 75.0	 161.00	  2923
1999	 77.5	 169.00	  2923
1999	 80.0	 177.00	  2923
1999	 82.5	 189.00	  2923
1999	 85.0	 200.00	  2923
1999	 87.5	 217.00	  2923
1999	 90.0	 240.80	  2923
1999	 92.5	 266.85	  2923
1999	 95.0	 307.90	  2923
1999	 97.5	 391.90	  2923
1999	100.0	 989.00	  2923
2000	  0.0	   1.00	  5120
2000	  2.5	   6.00	  5120
2000	  5.0	  10.00	  5120
2000	  7.5	  15.00	  5120
2000	 10.0	  21.00	  5120
2000	 12.5	  25.00	  5120
2000	 15.0	  29.00	  5120
2000	 17.5	  34.00	  5120
2000	 20.0	  38.00	  5120
2000	 22.5	  42.00	  5120
2000	 25.0	  45.00	  5120
2000	 27.5	  49.00	  5120
2000	 30.0	  54.00	  5120
2000	 32.5	  57.67	  5120
2000	 35.0	  61.00	  5120
2000	 37.5	  65.00	  5120
2000	 40.0	  69.00	  5120
2000	 42.5	  73.00	  5120
2000	 45.0	  77.00	  5120
2000	 47.5	  81.00	  5120
2000	 50.0	  84.00	  5120
2000	 52.5	  89.00	  5120
2000	 55.0	  94.00	  5120
2000	 57.5	  98.00	  5120
2000	 60.0	 103.00	  5120
2000	 62.5	 107.00	  5120
2000	 65.0	 112.00	  5120
2000	 67.5	 118.00	  5120
2000	 70.0	 123.00	  5120
2000	 72.5	 129.00	  5120
2000	 75.0	 134.25	  5120
2000	 77.5	 141.00	  5120
2000	 80.0	 150.00	  5120
2000	 82.5	 160.00	  5120
2000	 85.0	 172.00	  5120
2000	 87.5	 184.00	  5120
2000	 90.0	 199.00	  5120
2000	 92.5	 224.00	  5120
2000	 95.0	 258.00	  5120
2000	 97.5	 318.03	  5120
2000	100.0	 910.00	  5120
2001	  0.0	   1.00	 12430
2001	  2.5	   8.00	 12430
2001	  5.0	  17.00	 12430
2001	  7.5	  25.00	 12430
2001	 10.0	  33.00	 12430
2001	 12.5	  38.00	 12430
2001	 15.0	  43.00	 12430
2001	 17.5	  49.00	 12430
2001	 20.0	  54.00	 12430
2001	 22.5	  57.00	 12430
2001	 25.0	  62.00	 12430
2001	 27.5	  67.00	 12430
2001	 30.0	  70.00	 12430
2001	 32.5	  75.00	 12430
2001	 35.0	  78.00	 12430
2001	 37.5	  83.00	 12430
2001	 40.0	  86.00	 12430
2001	 42.5	  91.00	 12430
2001	 45.0	  95.00	 12430
2001	 47.5	  99.00	 12430
2001	 50.0	 103.00	 12430
2001	 52.5	 108.00	 12430
2001	 55.0	 113.00	 12430
2001	 57.5	 118.00	 12430
2001	 60.0	 122.00	 12430
2001	 62.5	 127.00	 12430
2001	 65.0	 132.00	 12430
2001	 67.5	 138.00	 12430
2001	 70.0	 144.00	 12430
2001	 72.5	 150.00	 12430
2001	 75.0	 158.00	 12430
2001	 77.5	 166.00	 12430
2001	 80.0	 176.00	 12430
2001	 82.5	 186.00	 12430
2001	 85.0	 198.00	 12430
2001	 87.5	 212.00	 12430
2001	 90.0	 229.00	 12430
2001	 92.5	 251.00	 12430
2001	 95.0	 287.00	 12430
2001	 97.5	 347.00	 12430
2001	100.0	1094.00	 12430
2002	  0.0	   1.00	 22052
2002	  2.5	   8.00	 22052
2002	  5.0	  17.00	 22052
2002	  7.5	  26.00	 22052
2002	 10.0	  33.00	 22052
2002	 12.5	  39.38	 22052
2002	 15.0	  45.00	 22052
2002	 17.5	  51.00	 22052
2002	 20.0	  56.00	 22052
2002	 22.5	  60.00	 22052
2002	 25.0	  64.00	 22052
2002	 27.5	  69.00	 22052
2002	 30.0	  73.00	 22052
2002	 32.5	  77.00	 22052
2002	 35.0	  82.00	 22052
2002	 37.5	  85.00	 22052
2002	 40.0	  90.00	 22052
2002	 42.5	  94.00	 22052
2002	 45.0	  98.00	 22052
2002	 47.5	 103.00	 22052
2002	 50.0	 107.00	 22052
2002	 52.5	 112.00	 22052
2002	 55.0	 116.00	 22052
2002	 57.5	 121.00	 22052
2002	 60.0	 126.00	 22052
2002	 62.5	 131.00	 22052
2002	 65.0	 136.00	 22052
2002	 67.5	 142.00	 22052
2002	 70.0	 148.00	 22052
2002	 72.5	 154.00	 22052
2002	 75.0	 162.00	 22052
2002	 77.5	 170.00	 22052
2002	 80.0	 180.00	 22052
2002	 82.5	 190.00	 22052
2002	 85.0	 203.00	 22052
2002	 87.5	 217.00	 22052
2002	 90.0	 235.00	 22052
2002	 92.5	 260.00	 22052
2002	 95.0	 293.00	 22052
2002	 97.5	 361.73	 22052
2002	100.0	 991.00	 22052
2003	  0.0	   1.00	 46836
2003	  2.5	   9.00	 46836
2003	  5.0	  20.00	 46836
2003	  7.5	  28.00	 46836
2003	 10.0	  35.00	 46836
2003	 12.5	  42.00	 46836
2003	 15.0	  47.00	 46836
2003	 17.5	  52.00	 46836
2003	 20.0	  57.00	 46836
2003	 22.5	  62.00	 46836
2003	 25.0	  66.00	 46836
2003	 27.5	  71.00	 46836
2003	 30.0	  75.00	 46836
2003	 32.5	  80.00	 46836
2003	 35.0	  84.00	 46836
2003	 37.5	  89.00	 46836
2003	 40.0	  92.00	 46836
2003	 42.5	  97.00	 46836
2003	 45.0	 101.00	 46836
2003	 47.5	 106.00	 46836
2003	 50.0	 111.00	 46836
2003	 52.5	 115.00	 46836
2003	 55.0	 120.00	 46836
2003	 57.5	 125.00	 46836
2003	 60.0	 130.00	 46836
2003	 62.5	 136.00	 46836
2003	 65.0	 142.00	 46836
2003	 67.5	 148.00	 46836
2003	 70.0	 155.00	 46836
2003	 72.5	 162.00	 46836
2003	 75.0	 171.00	 46836
2003	 77.5	 180.00	 46836
2003	 80.0	 189.00	 46836
2003	 82.5	 201.00	 46836
2003	 85.0	 215.00	 46836
2003	 87.5	 232.00	 46836
2003	 90.0	 252.00	 46836
2003	 92.5	 280.00	 46836
2003	 95.0	 319.00	 46836
2003	 97.5	 393.00	 46836
2003	100.0	1095.00	 46836
2004	  0.0	   1.00	 93957
2004	  2.5	   8.00	 93957
2004	  5.0	  18.00	 93957
2004	  7.5	  27.00	 93957
2004	 10.0	  34.00	 93957
2004	 12.5	  41.00	 93957
2004	 15.0	  46.00	 93957
2004	 17.5	  51.00	 93957
2004	 20.0	  56.00	 93957
2004	 22.5	  61.00	 93957
2004	 25.0	  65.00	 93957
2004	 27.5	  70.00	 93957
2004	 30.0	  74.00	 93957
2004	 32.5	  78.00	 93957
2004	 35.0	  82.00	 93957
2004	 37.5	  86.00	 93957
2004	 40.0	  91.00	 93957
2004	 42.5	  96.00	 93957
2004	 45.0	 100.00	 93957
2004	 47.5	 105.00	 93957
2004	 50.0	 110.00	 93957
2004	 52.5	 114.00	 93957
2004	 55.0	 119.00	 93957
2004	 57.5	 125.00	 93957
2004	 60.0	 130.00	 93957
2004	 62.5	 136.00	 93957
2004	 65.0	 142.00	 93957
2004	 67.5	 149.00	 93957
2004	 70.0	 155.00	 93957
2004	 72.5	 163.00	 93957
2004	 75.0	 172.00	 93957
2004	 77.5	 182.00	 93957
2004	 80.0	 192.00	 93957
2004	 82.5	 204.00	 93957
2004	 85.0	 218.00	 93957
2004	 87.5	 236.00	 93957
2004	 90.0	 258.00	 93957
2004	 92.5	 287.00	 93957
2004	 95.0	 329.00	 93957
2004	 97.5	 403.00	 93957
2004	100.0	1091.00	 93957
2005	  0.0	   1.00	142254
2005	  2.5	   5.00	142254
2005	  5.0	  11.00	142254
2005	  7.5	  20.00	142254
2005	 10.0	  28.00	142254
2005	 12.5	  34.00	142254
2005	 15.0	  40.00	142254
2005	 17.5	  45.00	142254
2005	 20.0	  49.00	142254
2005	 22.5	  54.00	142254
2005	 25.0	  58.00	142254
2005	 27.5	  63.00	142254
2005	 30.0	  67.00	142254
2005	 32.5	  71.00	142254
2005	 35.0	  75.00	142254
2005	 37.5	  79.00	142254
2005	 40.0	  84.00	142254
2005	 42.5	  88.00	142254
2005	 45.0	  92.00	142254
2005	 47.5	  97.00	142254
2005	 50.0	 102.00	142254
2005	 52.5	 106.00	142254
2005	 55.0	 112.00	142254
2005	 57.5	 117.00	142254
2005	 60.0	 122.00	142254
2005	 62.5	 128.00	142254
2005	 65.0	 134.00	142254
2005	 67.5	 141.00	142254
2005	 70.0	 148.00	142254
2005	 72.5	 155.00	142254
2005	 75.0	 164.00	142254
2005	 77.5	 173.00	142254
2005	 80.0	 183.00	142254
2005	 82.5	 195.00	142254
2005	 85.0	 209.00	142254
2005	 87.5	 226.00	142254
2005	 90.0	 248.00	142254
2005	 92.5	 278.00	142254
2005	 95.0	 323.00	142254
2005	 97.5	 400.00	142254
2005	100.0	1092.00	142254
2006	  0.0	   1.00	165267
2006	  2.5	   4.00	165267
2006	  5.0	  11.00	165267
2006	  7.5	  19.00	165267
2006	 10.0	  27.00	165267
2006	 12.5	  33.00	165267
2006	 15.0	  39.00	165267
2006	 17.5	  44.00	165267
2006	 20.0	  49.00	165267
2006	 22.5	  53.00	165267
2006	 25.0	  57.00	165267
2006	 27.5	  62.00	165267
2006	 30.0	  66.00	165267
2006	 32.5	  70.00	165267
2006	 35.0	  74.00	165267
2006	 37.5	  78.00	165267
2006	 40.0	  83.00	165267
2006	 42.5	  87.00	165267
2006	 45.0	  92.00	165267
2006	 47.5	  96.00	165267
2006	 50.0	 100.00	165267
2006	 52.5	 105.00	165267
2006	 55.0	 111.00	165267
2006	 57.5	 116.00	165267
2006	 60.0	 121.00	165267
2006	 62.5	 127.00	165267
2006	 65.0	 133.00	165267
2006	 67.5	 139.00	165267
2006	 70.0	 146.00	165267
2006	 72.5	 154.00	165267
2006	 75.0	 162.00	165267
2006	 77.5	 171.00	165267
2006	 80.0	 182.00	165267
2006	 82.5	 194.00	165267
2006	 85.0	 208.00	165267
2006	 87.5	 224.00	165267
2006	 90.0	 245.00	165267
2006	 92.5	 274.00	165267
2006	 95.0	 317.00	165267
2006	 97.5	 396.00	165267
2006	100.0	1093.00	165267
2007	  0.0	   1.00	183442
2007	  2.5	   4.00	183442
2007	  5.0	  10.00	183442
2007	  7.5	  18.00	183442
2007	 10.0	  26.00	183442
2007	 12.5	  32.00	183442
2007	 15.0	  38.00	183442
2007	 17.5	  43.00	183442
2007	 20.0	  48.00	183442
2007	 22.5	  53.00	183442
2007	 25.0	  57.00	183442
2007	 27.5	  62.00	183442
2007	 30.0	  66.00	183442
2007	 32.5	  70.00	183442
2007	 35.0	  74.00	183442
2007	 37.5	  78.00	183442
2007	 40.0	  83.00	183442
2007	 42.5	  87.00	183442
2007	 45.0	  91.00	183442
2007	 47.5	  96.00	183442
2007	 50.0	 101.00	183442
2007	 52.5	 106.00	183442
2007	 55.0	 111.00	183442
2007	 57.5	 117.00	183442
2007	 60.0	 122.00	183442
2007	 62.5	 128.00	183442
2007	 65.0	 134.00	183442
2007	 67.5	 141.00	183442
2007	 70.0	 148.00	183442
2007	 72.5	 156.00	183442
2007	 75.0	 164.00	183442
2007	 77.5	 174.00	183442
2007	 80.0	 185.00	183442
2007	 82.5	 197.00	183442
2007	 85.0	 210.00	183442
2007	 87.5	 227.00	183442
2007	 90.0	 247.00	183442
2007	 92.5	 275.00	183442
2007	 95.0	 316.00	183442
2007	 97.5	 390.00	183442
2007	100.0	1086.00	183442
2008	  0.0	   1.00	207906
2008	  2.5	   4.00	207906
2008	  5.0	   9.00	207906
2008	  7.5	  17.00	207906
2008	 10.0	  25.00	207906
2008	 12.5	  31.00	207906
2008	 15.0	  37.00	207906
2008	 17.5	  42.00	207906
2008	 20.0	  47.00	207906
2008	 22.5	  51.00	207906
2008	 25.0	  56.00	207906
2008	 27.5	  60.00	207906
2008	 30.0	  64.00	207906
2008	 32.5	  69.00	207906
2008	 35.0	  73.00	207906
2008	 37.5	  77.00	207906
2008	 40.0	  82.00	207906
2008	 42.5	  86.00	207906
2008	 45.0	  91.00	207906
2008	 47.5	  95.00	207906
2008	 50.0	  99.00	207906
2008	 52.5	 105.00	207906
2008	 55.0	 110.00	207906
2008	 57.5	 115.00	207906
2008	 60.0	 121.00	207906
2008	 62.5	 126.00	207906
2008	 65.0	 133.00	207906
2008	 67.5	 139.00	207906
2008	 70.0	 146.00	207906
2008	 72.5	 154.00	207906
2008	 75.0	 162.00	207906
2008	 77.5	 172.00	207906
2008	 80.0	 182.00	207906
2008	 82.5	 194.00	207906
2008	 85.0	 207.00	207906
2008	 87.5	 224.00	207906
2008	 90.0	 244.00	207906
2008	 92.5	 271.00	207906
2008	 95.0	 311.00	207906
2008	 97.5	 387.00	207906
2008	100.0	1094.00	207906
2009	  0.0	   1.00	230588
2009	  2.5	   3.00	230588
2009	  5.0	   8.00	230588
2009	  7.5	  15.00	230588
2009	 10.0	  22.00	230588
2009	 12.5	  29.00	230588
2009	 15.0	  35.00	230588
2009	 17.5	  40.00	230588
2009	 20.0	  45.00	230588
2009	 22.5	  49.00	230588
2009	 25.0	  54.00	230588
2009	 27.5	  58.00	230588
2009	 30.0	  62.00	230588
2009	 32.5	  66.00	230588
2009	 35.0	  71.00	230588
2009	 37.5	  75.00	230588
2009	 40.0	  79.00	230588
2009	 42.5	  84.00	230588
2009	 45.0	  88.00	230588
2009	 47.5	  92.00	230588
2009	 50.0	  97.00	230588
2009	 52.5	 102.00	230588
2009	 55.0	 107.00	230588
2009	 57.5	 112.53	230588
2009	 60.0	 118.00	230588
2009	 62.5	 124.00	230588
2009	 65.0	 130.00	230588
2009	 67.5	 137.00	230588
2009	 70.0	 144.00	230588
2009	 72.5	 152.00	230588
2009	 75.0	 160.00	230588
2009	 77.5	 169.00	230588
2009	 80.0	 180.00	230588
2009	 82.5	 191.00	230588
2009	 85.0	 205.00	230588
2009	 87.5	 221.00	230588
2009	 90.0	 241.00	230588
2009	 92.5	 269.00	230588
2009	 95.0	 308.00	230588
2009	 97.5	 382.00	230588
2009	100.0	1094.00	230588
2010	  0.0	   1.00	269528
2010	  2.5	   4.00	269528
2010	  5.0	  10.00	269528
2010	  7.5	  17.00	269528
2010	 10.0	  25.00	269528
2010	 12.5	  31.00	269528
2010	 15.0	  37.00	269528
2010	 17.5	  42.00	269528
2010	 20.0	  47.00	269528
2010	 22.5	  52.00	269528
2010	 25.0	  56.00	269528
2010	 27.5	  60.00	269528
2010	 30.0	  64.00	269528
2010	 32.5	  68.00	269528
2010	 35.0	  73.00	269528
2010	 37.5	  77.00	269528
2010	 40.0	  81.00	269528
2010	 42.5	  85.00	269528
2010	 45.0	  90.00	269528
2010	 47.5	  94.00	269528
2010	 50.0	  99.00	269528
2010	 52.5	 104.00	269528
2010	 55.0	 109.00	269528
2010	 57.5	 114.00	269528
2010	 60.0	 119.00	269528
2010	 62.5	 125.00	269528
2010	 65.0	 131.00	269528
2010	 67.5	 138.00	269528
2010	 70.0	 145.00	269528
2010	 72.5	 152.00	269528
2010	 75.0	 160.00	269528
2010	 77.5	 169.00	269528
2010	 80.0	 179.00	269528
2010	 82.5	 190.00	269528
2010	 85.0	 204.00	269528
2010	 87.5	 220.00	269528
2010	 90.0	 240.00	269528
2010	 92.5	 267.00	269528
2010	 95.0	 306.00	269528
2010	 97.5	 380.00	269528
2010	100.0	1095.00	269528
2011	  0.0	   1.00	321095
2011	  2.5	   5.00	321095
2011	  5.0	  11.00	321095
2011	  7.5	  19.00	321095
2011	 10.0	  26.00	321095
2011	 12.5	  32.00	321095
2011	 15.0	  37.00	321095
2011	 17.5	  42.00	321095
2011	 20.0	  47.00	321095
2011	 22.5	  51.00	321095
2011	 25.0	  55.00	321095
2011	 27.5	  59.00	321095
2011	 30.0	  63.00	321095
2011	 32.5	  67.00	321095
2011	 35.0	  71.00	321095
2011	 37.5	  75.00	321095
2011	 40.0	  79.00	321095
2011	 42.5	  84.00	321095
2011	 45.0	  88.00	321095
2011	 47.5	  92.00	321095
2011	 50.0	  97.00	321095
2011	 52.5	 102.00	321095
2011	 55.0	 106.00	321095
2011	 57.5	 111.00	321095
2011	 60.0	 117.00	321095
2011	 62.5	 122.00	321095
2011	 65.0	 128.00	321095
2011	 67.5	 134.00	321095
2011	 70.0	 141.00	321095
2011	 72.5	 148.00	321095
2011	 75.0	 156.00	321095
2011	 77.5	 165.00	321095
2011	 80.0	 174.00	321095
2011	 82.5	 185.00	321095
2011	 85.0	 198.00	321095
2011	 87.5	 214.00	321095
2011	 90.0	 233.00	321095
2011	 92.5	 259.00	321095
2011	 95.0	 298.00	321095
2011	 97.5	 371.00	321095
2011	100.0	1093.00	321095
2012	  0.0	   1.00	371793
2012	  2.5	   5.00	371793
2012	  5.0	  13.00	371793
2012	  7.5	  21.00	371793
2012	 10.0	  28.00	371793
2012	 12.5	  34.00	371793
2012	 15.0	  39.00	371793
2012	 17.5	  44.00	371793
2012	 20.0	  48.00	371793
2012	 22.5	  52.00	371793
2012	 25.0	  56.00	371793
2012	 27.5	  60.00	371793
2012	 30.0	  64.00	371793
2012	 32.5	  68.00	371793
2012	 35.0	  72.00	371793
2012	 37.5	  76.00	371793
2012	 40.0	  80.00	371793
2012	 42.5	  84.00	371793
2012	 45.0	  88.00	371793
2012	 47.5	  92.00	371793
2012	 50.0	  97.00	371793
2012	 52.5	 101.00	371793
2012	 55.0	 106.00	371793
2012	 57.5	 111.00	371793
2012	 60.0	 116.00	371793
2012	 62.5	 122.00	371793
2012	 65.0	 127.00	371793
2012	 67.5	 133.00	371793
2012	 70.0	 140.00	371793
2012	 72.5	 147.00	371793
2012	 75.0	 155.00	371793
2012	 77.5	 164.00	371793
2012	 80.0	 174.00	371793
2012	 82.5	 185.00	371793
2012	 85.0	 198.00	371793
2012	 87.5	 213.00	371793
2012	 90.0	 233.00	371793
2012	 92.5	 259.00	371793
2012	 95.0	 298.00	371793
2012	 97.5	 371.00	371793
2012	100.0	1095.00	371793
2013	  0.0	   1.00	436082
2013	  2.5	   5.00	436082
2013	  5.0	  13.00	436082
2013	  7.5	  21.00	436082
2013	 10.0	  28.00	436082
2013	 12.5	  34.00	436082
2013	 15.0	  39.00	436082
2013	 17.5	  43.00	436082
2013	 20.0	  48.00	436082
2013	 22.5	  52.00	436082
2013	 25.0	  56.00	436082
2013	 27.5	  60.00	436082
2013	 30.0	  64.00	436082
2013	 32.5	  67.00	436082
2013	 35.0	  71.00	436082
2013	 37.5	  75.00	436082
2013	 40.0	  79.00	436082
2013	 42.5	  83.00	436082
2013	 45.0	  87.00	436082
2013	 47.5	  91.00	436082
2013	 50.0	  95.00	436082
2013	 52.5	 100.00	436082
2013	 55.0	 104.00	436082
2013	 57.5	 109.00	436082
2013	 60.0	 114.00	436082
2013	 62.5	 119.00	436082
2013	 65.0	 125.00	436082
2013	 67.5	 131.00	436082
2013	 70.0	 138.00	436082
2013	 72.5	 145.00	436082
2013	 75.0	 152.00	436082
2013	 77.5	 161.00	436082
2013	 80.0	 170.00	436082
2013	 82.5	 181.00	436082
2013	 85.0	 193.00	436082
2013	 87.5	 209.00	436082
2013	 90.0	 228.00	436082
2013	 92.5	 253.00	436082
2013	 95.0	 290.00	436082
2013	 97.5	 360.00	436082
2013	100.0	1095.00	436082
2014	  0.0	   1.00	467313
2014	  2.5	   5.00	467313
2014	  5.0	  13.00	467313
2014	  7.5	  22.00	467313
2014	 10.0	  30.00	467313
2014	 12.5	  36.00	467313
2014	 15.0	  41.00	467313
2014	 17.5	  46.00	467313
2014	 20.0	  50.00	467313
2014	 22.5	  54.00	467313
2014	 25.0	  58.00	467313
2014	 27.5	  62.00	467313
2014	 30.0	  66.00	467313
2014	 32.5	  70.00	467313
2014	 35.0	  74.00	467313
2014	 37.5	  77.00	467313
2014	 40.0	  81.00	467313
2014	 42.5	  85.00	467313
2014	 45.0	  89.00	467313
2014	 47.5	  93.00	467313
2014	 50.0	  98.00	467313
2014	 52.5	 102.00	467313
2014	 55.0	 106.00	467313
2014	 57.5	 111.00	467313
2014	 60.0	 116.00	467313
2014	 62.5	 121.00	467313
2014	 65.0	 127.00	467313
2014	 67.5	 133.00	467313
2014	 70.0	 139.00	467313
2014	 72.5	 146.00	467313
2014	 75.0	 153.00	467313
2014	 77.5	 161.00	467313
2014	 80.0	 170.00	467313
2014	 82.5	 181.00	467313
2014	 85.0	 193.00	467313
2014	 87.5	 208.00	467313
2014	 90.0	 225.00	467313
2014	 92.5	 250.00	467313
2014	 95.0	 286.00	467313
2014	 97.5	 355.00	467313
2014	100.0	1095.00	467313
2015	  0.0	   1.00	221617
2015	  2.5	   5.00	221617
2015	  5.0	  14.00	221617
2015	  7.5	  24.00	221617
2015	 10.0	  31.00	221617
2015	 12.5	  37.00	221617
2015	 15.0	  43.00	221617
2015	 17.5	  47.00	221617
2015	 20.0	  52.00	221617
2015	 22.5	  56.00	221617
2015	 25.0	  60.00	221617
2015	 27.5	  64.00	221617
2015	 30.0	  68.00	221617
2015	 32.5	  72.00	221617
2015	 35.0	  76.00	221617
2015	 37.5	  79.00	221617
2015	 40.0	  83.00	221617
2015	 42.5	  87.00	221617
2015	 45.0	  91.00	221617
2015	 47.5	  95.00	221617
2015	 50.0	  99.00	221617
2015	 52.5	 104.00	221617
2015	 55.0	 108.00	221617
2015	 57.5	 113.00	221617
2015	 60.0	 118.00	221617
2015	 62.5	 123.00	221617
2015	 65.0	 128.00	221617
2015	 67.5	 134.00	221617
2015	 70.0	 141.00	221617
2015	 72.5	 148.00	221617
2015	 75.0	 155.00	221617
2015	 77.5	 163.00	221617
2015	 80.0	 172.00	221617
2015	 82.5	 183.00	221617
2015	 85.0	 195.00	221617
2015	 87.5	 210.00	221617
2015	 90.0	 228.00	221617
2015	 92.5	 251.00	221617
2015	 95.0	 282.00	221617
2015	 97.5	 344.00	221617
2015	100.0	1094.00	221617
